,posted,neighborhood,location,post title,number bedrooms,sqft,URL,price,distance_to_CMU,duration_CMU,bus_distance_CMU,distance_to_downtown,duration_downtown,bus_distance_downtown,lat,lon,Coordinates,nearest_restaurants,nearest_shuttle_stop
0,2020-02-07 21:53,(Regent Square),40.438929;-79.893329,"Polished Hardwood Floors, Nice Kitchen, Pet Friendly, Aug 1st",1.0,585.0,https://pittsburgh.craigslist.org/apa/d/polished-hardwood-floors-nice-kitchen/7059430101.html,953,4970.0,1234.0,354.0,10829.0,2563.0,354.0,40.438928999999995,-79.89332900000001,POINT (191167024.456982 -19809608.52025039),"[('El Burro', 4.441562156385951, 3.5), ('Istanbul Grille', 4.446559345249849, 4.5), ('Thai Cottage', 4.530658763071366, 4.0), ('Square Cafe', 4.579126397650752, 4.0), (""D's Six Pax & Dogz"", 4.7445315001447455, 4.0)]","('Fifth Avenue at South Aiken Avenue', 'B', 78.84929151978831)"
1,2020-02-07 21:52,(Strip District),40.440600;-79.995900,Short lease in an Amazing building near DT,2.0,1185.0,https://pittsburgh.craigslist.org/sub/d/pittsburgh-short-lease-in-an-amazing/7060657286.html,980,5270.0,1149.0,239.0,911.0,479.0,119.0,40.4406,-79.9959,POINT (192430405.8687304 -20104915.15672603),"[('Pita My Shawarma', 0.056950197610594624, 4.0), ('H J Heinz', 0.056950197610594624, 4.0), ('The Carlton', 0.6350152628483479, 4.0), ('The Commoner', 1.353320735725519, 4.0), (""Street Food's World"", 2.1859983810746626, 4.5)]","('Fifth Avenue at Wilkins Avenue', 'B', 5.668965109087639)"
2,2020-02-07 21:51," (Pittsburgh, PA)",40.400300;-79.933800,Bedroom $335 a month all included,,,https://pittsburgh.craigslist.org/roo/d/pittsburgh-bedroom-335-month-all/7064975001.html,335,19773.0,7826.0,4050.0,14369.0,4934.0,4047.0,40.4003,-79.9338,POINT (191642988.122595 -20009922.30190388),"[('Hamsah', 25.722440349831967, 5.0), ('Babylon Cuisine', 25.722440349831967, 4.5), (""Hough's"", 30.6216794274262, 4.0), ('Sushi Too', 33.98560358406377, 3.0), ('Yoshino', 34.0275012406592, 4.0)]","('Ronald Street @ Donegal Way\xa0', 'PTC', 19.917388276422027)"
3,2020-02-07 21:26,(Regent Square - Near Frick Park & Shops),40.440970;-79.893694,"Classic & Comfortable, Big Living Room, Balcony, Nice Location, Aug 1",1.0,,https://pittsburgh.craigslist.org/apa/d/pittsburgh-classic-comfortable-big/7068510349.html,935,4923.0,1319.0,511.0,10783.0,2648.0,511.0,40.44097,-79.893694,POINT (191172515.0719375 -19806290.59753383),"[('Istanbul Grille', 5.490508164711636, 4.5), ('Thai Cottage', 5.637306500825792, 4.0), ('El Burro', 5.638416379320249, 3.5), ('Frick Park Tavern', 5.880654426838989, 4.0), ('The Map Room Grill & Bar', 5.886820298088268, 3.5)]","('Fifth Avenue at South Aiken Avenue', 'B', 77.35721568745598)"
4,2020-02-07 19:43,(Regent Square - East Busway - Frick Park),40.440791;-79.893715,"Large Private Balcony, Spacious Interior, Local Culture, Aug 1st",1.0,708.0,https://pittsburgh.craigslist.org/apa/d/pittsburgh-large-private-balcony/7068152368.html,911,4847.0,1263.0,435.0,10707.0,2592.0,435.0,40.440791,-79.893715,POINT (191172680.6318334 -19806734.7847383),"[('Istanbul Grille', 5.36676337359129, 4.5), ('Thai Cottage', 5.515912944156364, 4.0), ('El Burro', 5.521268082220899, 3.5), ('Frick Park Tavern', 5.741992252948419, 4.0), ('The Map Room Grill & Bar', 5.765842485956034, 3.5)]","('Fifth Avenue at South Aiken Avenue', 'B', 77.285012108022)"
5,2020-02-07 21:18,(Regent Square - East Busway - Frick Park),40.438619;-79.886892,"Premium Studio, All Utilities Included, Classic Details, Aug 1st",,302.0,https://pittsburgh.craigslist.org/apa/d/pittsburgh-premium-studio-all-utilities/7068488725.html,794,5785.0,1580.0,337.0,12806.0,1903.0,281.0,40.438619,-79.886892,POINT (191088337.0716811 -19791679.93106863),"[(""Nancy's Revival"", 3.563182452527402, 4.5), ('Soul Food Connection', 5.862985147827453, 4.5), ('GoodFellas Restaurant & Tavern', 10.93900931877264, 4.5), (""Applebee's Grill + Bar"", 11.276108844568707, 3.0), ('Thai Terrace', 11.983571902513226, 4.5)]","('Fifth Avenue at South Aiken Avenue', 'B', 103.39808089253675)"
6,2020-02-07 18:47,(Regent Square - East Busway - Frick Park),40.438521;-79.886892,"All Utilities Included, Studio, Easy Bus Transit, Shops & Park, Aug 1",,247.0,https://pittsburgh.craigslist.org/apa/d/pittsburgh-all-utilities-included/7068087146.html,615,5796.0,1587.0,348.0,12795.0,1894.0,270.0,40.438521,-79.886892,POINT (191088287.3833204 -19791889.79931235),"[(""Nancy's Revival"", 3.6069787476450905, 4.5), ('Soul Food Connection', 5.893279291026042, 4.5), ('GoodFellas Restaurant & Tavern', 10.874025258522135, 4.5), (""Applebee's Grill + Bar"", 11.228093707439974, 3.0), ('Thai Terrace', 11.953292968568697, 4.5)]","('Fifth Avenue at South Aiken Avenue', 'B', 103.40230731363654)"
7,2020-02-07 21:13,(Regent Square - East Busway - Frick Park),40.425911;-79.880326,"Built-in Cabinets, Chandelier Lighting, Porch & Deck, Aug 1st",2.0,1087.0,https://pittsburgh.craigslist.org/apa/d/pittsburgh-built-in-cabinets-chandelier/7058142770.html,1112,8108.0,2167.0,1241.0,15609.0,2562.0,1017.0,40.425911,-79.880326,POINT (191001875.190092 -19799936.96961652),"[(""Emil's Lounge"", 8.350861807970935, 4.5), (""Ms. Jean's Southern Cuisine"", 11.660212273252327, 3.5), ('Fireside Caribbean Restaurant', 13.321434303587846, 3.5), ('Thai Terrace', 14.744872006505611, 4.5), ('Crabs R Us', 15.142642083847095, 3.5)]","('Fifth Avenue at South Aiken Avenue', 'B', 129.14109368289576)"
8,2020-02-07 21:11,(Squirrel Hill Pittsburgh),40.429265;-79.915237,Large Master Bedroom Bath Furnished close CMU/PITT All included,,500.0,https://pittsburgh.craigslist.org/roo/d/pittsburgh-large-master-bedroom-bath/7066530539.html,1260,4048.0,1421.0,838.0,9907.0,2750.0,838.0,40.429265,-79.915237,POINT (191430004.6884328 -19893766.2211188),"[('TGI Fridays', 12.415176428454814, 2.0), ('Rock Bottom Restaurant & Brewery', 13.23460597018431, 3.0), ('Yokoso Japanese Steakhouse', 13.631107919910256, 3.0), ('El Campesino', 13.908985312898473, 4.0), (""Dave & Buster's"", 13.971257630001888, 2.5)]","('Fifth Avenue at South Aiken Avenue', 'B', 13.955348643540525)"
9,2020-02-07 21:11,(Pittsburgh),40.428786;-79.914551,Large Bright furnished Student Bedroom ALL included Squirrel Hill,,250.0,https://pittsburgh.craigslist.org/roo/d/pittsburgh-large-bright-furnished/7054472451.html,720,4079.0,1486.0,869.0,9938.0,2815.0,869.0,40.428785999999995,-79.914551,POINT (191421358.625927 -19892803.46750379),"[('TGI Fridays', 12.626392461879977, 2.0), (""Dave & Buster's"", 12.913425542692568, 2.5), ('Rock Bottom Restaurant & Brewery', 13.05818509163313, 3.0), ('El Campesino', 13.792647374957106, 4.0), ('Yokoso Japanese Steakhouse', 13.95105813817463, 3.0)]","('Fifth Avenue at South Aiken Avenue', 'B', 13.493298096054922)"
10,2020-02-07 21:08,(BEAVER COUNTY),40.500000;-80.199600,***INVESTMENT*** PROPERTY MANAGEMENT,,,https://pittsburgh.craigslist.org/reo/d/coraopolis-investment-property/7067409329.html,0,,,,,,,40.5,-80.1996,POINT (195032559.4258616 -20583822.51708526),"[('Primanti Bros', 398.8943535072028, 3.5), (""Sunny Jim's Tavern"", 421.7941002999526, 3.5), ('Wild Rosemary', 434.32067870977534, 4.0), ('Sapporo Japanese Steakhouse', 435.07772583645357, 4.0), (""Rupe's Roadhouse"", 436.73330233420575, 4.0)]","('Shady Avenue at Fifth Avenue', 'BS', 545.8817449800134)"
11,2020-02-07 21:08,(BEAVER COUNTY),40.671800;-80.291700,***INVESTMENT*** PROPERTY MANAGEMENT,,,https://pittsburgh.craigslist.org/vac/d/monaca-investment-property-management/7066562309.html,0,57256.0,10292.0,3332.0,51405.0,8481.0,3332.0,40.6718,-80.2917,POINT (196313246.5285608 -20487141.48786626),"[('Primanti Bros', 785.9173670714845, 3.5), (""Sunny Jim's Tavern"", 801.893330522512, 3.5), (""Rupe's Roadhouse"", 816.5634414437511, 4.0), ('Sapporo Japanese Steakhouse', 821.8606592116229, 4.0), ('Wild Rosemary', 824.9646924622441, 4.0)]","('Shady Avenue at Fifth Avenue', 'BS', 930.3243900408896)"
17,2020-02-07 20:59,(Regent Square - Frick Park),40.443648;-79.891977,"Nice Apartment Above Storefront, Parking, Dishwasher, A/C, Aug 1st.",2.0,1034.0,https://pittsburgh.craigslist.org/apa/d/pittsburgh-nice-apartment-above/7069795222.html,1086,5350.0,1402.0,350.0,12681.0,1815.0,650.0,40.443647999999996,-79.891977,POINT (191152916.6148826 -19795592.6401145),"[('The Dream BBQ', 7.009818502528289, 4.5), ('Square Cafe', 9.181436380231775, 4.0), ('El Burro', 9.810804418685589, 3.5), ('Istanbul Grille', 10.001385008046906, 4.5), ('Thai Cottage', 10.00265752798392, 4.0)]","('Fifth Avenue at South Aiken Avenue', 'B', 83.81984766571776)"
18,2020-02-07 20:56,(Palm Coast),29.486100;-81.204500,Florida Vacation House Daytona Area,3.0,,https://pittsburgh.craigslist.org/vac/d/palm-coast-florida-vacation-house/7057050572.html,0,,,,,,,29.4861,-81.2045,POINT (201440300.4586698 -49301582.68010698),"[('Wild Rosemary', 9078.731233371995, 4.0), (""Claudio's Pizzeria & Ristorante"", 9094.018776822646, 4.5), (""Brick N' Mortar Kitchen & Catering"", 9106.972492106155, 4.5), ('Leogreta', 9107.836964714881, 4.0), ('Insurrection AleWorks', 9107.982720108204, 4.5)]","('Shady Avenue at Fifth Avenue', 'BS', 9191.092023045961)"
19,2020-02-07 20:56,(North Myrtle beach South Carolina),33.834300;-78.660600,Oceanfront 4br/3ba North Myrtle beach condo,4.0,,https://pittsburgh.craigslist.org/vac/d/north-myrtle-beach-oceanfront-4br-3ba/7071241887.html,0,,,,,,,33.8343,-78.6606,POINT (173885366.845028 -29567145.47183982),"[('Cousins Maine Lobster - Pittsburgh', 5797.688476009248, 4.0), (""hanadi's"", 5915.5557602111885, 5.0), ('Roman Bistro', 5920.637061186664, 3.5), ('Superior Motors', 5938.697495623797, 4.0), ('Steel Towne Inn', 5961.093210658203, 4.5)]","('Fifth Avenue at South Aiken Avenue', 'B', 6111.307615926994)"
20,2020-02-07 20:56,(329 South Broadway Avenue Scottdale PA),40.096702;-79.590134,Duplex For Rent.  Winter Special!!!,3.0,,https://pittsburgh.craigslist.org/apa/d/scottdale-duplex-for-rent-winter-special/7057534588.html,690,,,,,,,40.096702,-79.59013399999999,POINT (187383303.8864882 -19673293.85006941),"[('Cousins Maine Lobster - Pittsburgh', 771.2550058831736, 4.0), (""hanadi's"", 984.4407646168423, 5.0), ('Roman Bistro', 990.7291025322967, 3.5), ('Superior Motors', 1025.7198850152492, 4.0), ('Starlite Lounge', 1039.3926715902883, 3.5)]","('Fifth Avenue at South Aiken Avenue', 'B', 1232.3868773179079)"
21,2020-02-07 20:54,(Oakland),40.437495;-79.952523,Available in May! One Bedroom One Bath!,2.0,570.0,https://pittsburgh.craigslist.org/apa/d/pittsburgh-available-in-may-one-bedroom/7062458589.html,1145,2144.0,801.0,668.0,4868.0,1634.0,788.0,40.437495,-79.952523,POINT (191892320.2529563 -19984583.14872351),"[(""Frenchi's Deli & Market"", 0.46454523131471426, 4.5), ('Beta Bites', 3.2853440241851652, 4.0), ('Mesa', 3.6844256397363093, 4.0), ('Asia Tea House', 3.6960827517510912, 3.0), ('The Porch at Schenley', 4.305648126444156, 3.5)]","('North Dithridge Street at Fifth Avenue', 'AB', 9.060416372375029)"
22,2020-02-07 20:52,(5710 PEBBLE CREEK CT),40.314142;-80.031799,ARE YOU PAYING WATER/SWR? IS IT A GOOD DEAL?  2 BR BETHEL PARK 3/15,2.0,,https://pittsburgh.craigslist.org/apa/d/bethel-park-are-you-paying-water-swr-is/7071240090.html,825,20198.0,3851.0,337.0,15266.0,2714.0,337.0,40.314142,-80.03179899999999,POINT (192812404.1154301 -20484041.64356208),"[('Pho Kim 88', 33.13589654108615, 4.0), ('Cafe Americano', 38.20500083897081, 4.0), (""Piacquadio's Italian Restaurant & Lounge"", 38.57902881577521, 4.5), ('Cocina Mendoza', 38.57902881577521, 3.5), ('Oya Sushi & Korean Grill', 39.586265087302955, 4.5)]","('South Dithridge Street at Filmore Street', 'AB', 89.05849561685635)"
23,2020-02-07 20:51,(PLEASANT HILLS),40.331169;-79.939372,2 BRS WITH 1.5 OR 2 BATH UNBELIEVABLE CLOSETS!! PLEASANT HILLS,2.0,926.0,https://pittsburgh.craigslist.org/apa/d/2-brs-with-15-or-2-bath-unbelievable/7071239811.html,850,26955.0,5320.0,628.0,21606.0,3999.0,628.0,40.331169,-79.93937199999999,POINT (191676181.9717809 -20174687.43238851),"[('Watami Hibachi Steakhouse', 38.66756584881869, 4.0), ('Fish Fry - St. Stephen Church', 52.81199632844604, 4.5), (""C&D's Kitchen"", 54.17991150424352, 5.0), ('Jozsa Corner', 57.9718659174336, 4.0), (""Hough's"", 64.11151484136192, 4.0)]","('Ronald Street @ Donegal Way\xa0', 'PTC', 71.13291103342264)"
25,2020-02-07 20:51,(Regent Square - Frick Park),40.442473;-79.893501,"Unique Apartment, Pet Friendly, A/C, Heat Included, Aug 1st",1.0,614.0,https://pittsburgh.craigslist.org/apa/d/pittsburgh-unique-apartment-pet/7064117511.html,829,5054.0,1218.0,182.0,10913.0,2547.0,182.0,40.442473,-79.893501,POINT (191170921.4279701 -19802512.78708269),"[('Istanbul Grille', 6.572770843131362, 4.5), ('El Burro', 6.669742988613105, 3.5), ('Thai Cottage', 6.700836271869809, 4.0), ('The Map Room Grill & Bar', 6.945618603385413, 3.5), (""D's Six Pax & Dogz"", 6.992323550804094, 4.0)]","('Fifth Avenue at South Aiken Avenue', 'B', 78.03506126305179)"
26,2020-02-07 20:51,(BELLEVUE),40.491659;-80.051923,Remodeled  3rd fl Hardwood,1.0,,https://pittsburgh.craigslist.org/apa/d/remodeled-3rd-fl-hardwood/7071239696.html,525,14942.0,3449.0,317.0,9286.0,2030.0,317.0,40.491659000000006,-80.051923,POINT (193155133.9248442 -20159766.52912797),"[('Revival on Lincoln', 2.3530651131357136, 4.0), ('202 Hometown Tacos', 3.928103599646983, 3.5), ('Thai Tamarind', 17.343971574615995, 4.0), ('Grille 565', 23.204730324771273, 4.0), ('Rochester Inn & Hardwood Grille', 30.622152846630936, 3.0)]","('Fifth Avenue at Maryland Avenue', 'AB', 36.38409673656458)"
27,2020-02-07 20:50," (Brighton Heights, North Side, Pittsburgh 15212)",40.465870;-80.033019,"Real Post - Privacy, Freedom, Home 13x18 Incl UTIL, CABLE, WIFI, CLEAN",,,https://pittsburgh.craigslist.org/roo/d/pittsburgh-real-post-privacy-freedom/7071196519.html,479,11540.0,2688.0,63.0,5884.0,1269.0,63.0,40.46587,-80.033019,POINT (192905476.9187261 -20159687.24600417),"[(""Krista's Cantina"", 5.556830905296106, 4.5), ('Flavors Famous Street Food', 9.014707196478659, 4.5), ('Metro Eats', 10.505634242808995, 2.0), ('Rumerz Sports Bar & Grill', 11.6735208423178, 4.5), (""Just Roll'd Up"", 15.099142823477543, 5.0)]","('South Dithridge Street at Filmore Street', 'AB', 15.085704301283645)"
28,2020-02-07 20:48,(West Homestead),40.392600;-79.905200,Large Building On Corner LOT w/ Three Acres,,,https://pittsburgh.craigslist.org/reo/d/homestead-large-building-on-corner-lot/7059280766.html,625000,9591.0,3644.0,1118.0,15145.0,2972.0,1118.0,40.3926,-79.9052,POINT (191288520.7306879 -19943272.79580738),"[('Old School Italian Sandwich Shop', 15.405919695542195, 4.5), ('Chick-fil-A', 16.98011699986481, 4.0), ('Dorothy 6 Blast Furnace Cafe', 20.228197674876245, 4.0), (""Honest John's Bar & Restaurant"", 20.998910050475562, 4.5), ('Hook Fish and Chicken', 25.263055450588446, 5.0)]","('Fifth Avenue at South Aiken Avenue', 'B', 50.077617961341396)"
29,2020-02-07 20:47," (25 W Chestnut St, Washington PA)",40.172332;-80.247188,Beautiful 1-Bedroom Apartment,,,https://pittsburgh.craigslist.org/apa/d/washington-beautiful-1-bedroom-apartment/7069513673.html,700,61845.0,5697.0,209.0,55733.0,3959.0,209.0,40.172332,-80.247188,POINT (195475139.9058058 -21446929.82212825),"[('Primanti Bros', 617.8642990850794, 3.5), ('Wild Rosemary', 629.5931702357931, 4.0), ('Leogreta', 643.9151890277806, 4.0), ('Sapporo Japanese Steakhouse', 651.4880356522513, 4.0), (""Brick N' Mortar Kitchen & Catering"", 655.5160858828955, 4.5)]","('Shady Avenue at Fifth Avenue', 'BS', 761.522426959209)"
30,2020-02-07 20:39,(pittsburgh),40.475200;-79.952800,*//*Gorgeous 2brx2 Ba (($700)) Unit Available*//*,2.0,,https://pittsburgh.craigslist.org/apa/d/pittsburgh-gorgeous-2brx2-ba-700-unit/7071190645.html,700,6095.0,2114.0,696.0,6451.0,2383.0,719.0,40.4752,-79.9528,POINT (191914916.8976029 -19904296.91349325),"[('52nd Street Market', 4.142446983705268, 5.0), ('B52 Cafe', 6.162568424243484, 4.5), ('Hug Thai', 6.866410319291114, 3.5), ('Taste of India', 6.952746303476846, 4.0), ('The Black Cat Market', 8.568996559602919, 4.5)]","('Centre Avenue at South Euclid Avenue', 'AB', 11.265746212036609)"
31,2020-02-07 20:39,(Regent Square - East Busway - Frick Park),40.443599;-79.892578,"Two Floors of Huge House, Large Rooms, Pet Friendly, Aug 1st",4.0,2900.0,https://pittsburgh.craigslist.org/apa/d/pittsburgh-two-floors-of-huge-house/7069804461.html,1596,5283.0,1349.0,283.0,12792.0,1898.0,761.0,40.443599,-79.892578,POINT (191160226.5300445 -19797433.74554456),"[('Square Cafe', 8.147198909475838, 4.0), ('The Dream BBQ', 8.30377626524148, 4.5), ('El Burro', 8.462949397373041, 3.5), ('Istanbul Grille', 8.56251662643773, 4.5), ('Thai Cottage', 8.607415900485275, 4.0)]","('Fifth Avenue at South Aiken Avenue', 'B', 81.52551066906955)"
33,2020-02-07 20:39," (Lawrenceville, Pittsburgh,PA)",40.472275;-79.959794,For rent- renovated two bedroom  in Lawrenceville,2.0,,https://pittsburgh.craigslist.org/apa/d/pittsburgh-for-rent-renovated-two/7069608238.html,2000,8791.0,2576.0,531.0,5540.0,1910.0,126.0,40.472275,-79.95979399999999,POINT (191999688.5046209 -19930975.96813609),"[('Ki Ramen', 0.6861067911746497, 3.5), ('Kickback Pinball Cafe', 0.7288047130989277, 4.5), ('The Vandal', 1.2551948025110264, 4.0), (""Walter's Southern Kitchen"", 1.4198504752038317, 3.5), ('Bar Botanico', 1.5240103980602602, 4.5)]","('South Negley Avenue at East Busway', 'AB', 10.674042698467803)"
34,2020-02-07 20:33,(pittsburgh),40.368800;-80.022400,"@@Welcome to your New Home Sweet Home.4-Bedroom, 3 bath.@@",4.0,,https://pittsburgh.craigslist.org/apa/d/pittsburgh-welcome-to-your-new-home/7071169408.html,650,14701.0,3329.0,724.0,9769.0,2192.0,724.0,40.3688,-80.0224,POINT (192723267.0815982 -20338059.06599632),"[(""Santoro's Pizzeria Italiana"", 10.84579524310453, 4.5), ('Kabob-G Grill', 12.692334178079406, 4.5), (""Someone Else's Bar"", 14.65663867090478, 4.0), ('The Original Gyro', 16.603688800113094, 4.5), ('Las Palmas Carniceria', 17.663927476114914, 4.5)]","('4615 Forbes Avenue', 'AB', 51.44392234850178)"
35,2020-02-07 20:31,(southside flats),40.425400;-79.979900,4 bedroom house,4.0,,https://pittsburgh.craigslist.org/apa/d/4-bedroom-house/7071230372.html,1995,5229.0,1582.0,125.0,3868.0,1161.0,125.0,40.4254,-79.9799,POINT (192224311.9448687 -20090708.57127048),"[(""Piper's Pub"", 2.642108243008728, 4.5), ('Fat Heads Saloon', 2.709968495537267, 4.0), ('The Pub Chip Shop', 2.844552739413841, 4.5), ('Carmi Soul Food', 2.8505224064658723, 4.0), ('Primanti Bros', 3.039505090818897, 3.5)]","('Panther Hollow Road', 'PTC', 5.760555919885107)"
36,2020-02-07 20:28,(Regent Square - East Busway - Frick Park),40.443746;-79.891999,"Large Recently Renovated Apartment Above Storefront, Pet Friendly, Aug",2.0,1227.0,https://pittsburgh.craigslist.org/apa/d/pittsburgh-large-recently-renovated/7069783536.html,1062,5305.0,1367.0,305.0,12750.0,1860.0,719.0,40.443746000000004,-79.891999,POINT (191153234.7885958 -19795446.24909512),"[('The Dream BBQ', 6.988368278228964, 4.5), ('Square Cafe', 9.192251735700953, 4.0), ('El Burro', 9.806322202882772, 3.5), ('Istanbul Grille', 9.992149874999608, 4.5), ('Thai Cottage', 9.995814954904152, 4.0)]","('Fifth Avenue at South Aiken Avenue', 'B', 83.73330090302025)"
37,2020-02-07 20:23,(Squirrel Hill),40.430800;-79.920500,One Bedroom in Squirrel Hill!,1.0,447.0,https://pittsburgh.craigslist.org/apa/d/pittsburgh-one-bedroom-in-squirrel-hill/7064931250.html,995,3279.0,1053.0,362.0,9138.0,2382.0,362.0,40.4308,-79.9205,POINT (191495281.4672725 -19905749.28352905),"[('Ramen Bar', 4.850696003770228, 3.5), ('Rose Tea Cafe', 5.008681954466139, 3.5), (""Aladdin's Eatery - Pittsburgh-Squirrel Hill"", 5.238305697584424, 4.0), ('Everyday Noodles', 5.266721735046612, 4.0), ('Kiin Lao & Thai Eatery', 5.339717335556835, 4.5)]","('PTC-Pittsburgh Technology Center', 'PTC', 1.2239046656167243)"
38,2020-02-07 20:23,(Regent Square - Frick Park),40.443305;-79.891613,"Premium Single Bedroom, Near Shops & Restaurants, Dog Friendly, Aug 1",1.0,700.0,https://pittsburgh.craigslist.org/apa/d/pittsburgh-premium-single-bedroom-near/7068193524.html,859,5418.0,1406.0,285.0,12704.0,1836.0,673.0,40.443305,-79.891613,POINT (191148300.6897148 -19795275.99416869),"[('The Dream BBQ', 6.7434431843810705, 4.5), ('Square Cafe', 9.821782365161958, 4.0), ('El Burro', 10.613042390382416, 3.5), (""D's Six Pax & Dogz"", 10.802388787736747, 4.0), ('Thai Cottage', 10.828051067553648, 4.0)]","('Fifth Avenue at South Aiken Avenue', 'B', 85.21921160255116)"
40,2020-02-07 20:22," (107 Pine Road, Edgeworth PA)",40.545367;-80.190681,Sewickley 1 BR apt,1.0,,https://pittsburgh.craigslist.org/apa/d/leetsdale-sewickley-1-br-apt/7056901384.html,1150,28340.0,4286.0,265.0,22489.0,2595.0,265.0,40.545367,-80.19068100000001,POINT (194941485.7623867 -20457683.53991928),"[('Primanti Bros', 367.75520660204415, 3.5), (""Sunny Jim's Tavern"", 386.26397372919996, 3.5), (""Rupe's Roadhouse"", 401.12221338797997, 4.0), ('Sapporo Japanese Steakhouse', 403.75328419860773, 4.0), ('Leogreta', 407.64717379299884, 4.0)]","('Shady Avenue at Fifth Avenue', 'BS', 512.9867756418215)"
41,2020-02-07 20:21,(Liberty St),40.307598;-79.548459,Large Two Bedroom Apartmemt in Heart of Downtown Greensburg,2.0,1000.0,https://pittsburgh.craigslist.org/apa/d/large-two-bedroom-apartmemt-in-heart-of/7066770800.html,625,60740.0,6259.0,699.0,55137.0,4632.0,699.0,40.307598,-79.548459,POINT (187006583.2678397 -19115305.23190884),"[('Cousins Maine Lobster - Pittsburgh', 877.879444563491, 4.0), (""hanadi's"", 1114.7400078313822, 5.0), ('Roman Bistro', 1121.0396223163928, 3.5), ('Superior Motors', 1158.8903411835656, 4.0), ('Starlite Lounge', 1163.2450624009375, 3.5)]","('Fifth Avenue at South Aiken Avenue', 'B', 1364.481090225223)"
42,2020-02-07 20:11,(Regent Square - Frick Park),40.439598;-79.887815,"Garden Style Apartment, Pet Friendly, Private Patio, Courtyard, Aug 1",2.0,1073.0,https://pittsburgh.craigslist.org/apa/d/pittsburgh-garden-style-apartment-pet/7068121888.html,1103,5500.0,1439.0,208.0,13147.0,2162.0,622.0,40.439598,-79.887815,POINT (191100088.8436244 -19792248.07678328),"[(""Nancy's Revival"", 6.427483311710258, 4.5), ('Soul Food Connection', 8.972310843896041, 4.5), (""Applebee's Grill + Bar"", 9.831669240324386, 3.0), ('GoodFellas Restaurant & Tavern', 11.6243965864732, 4.5), ('Triangle Bar & Grill', 14.784553180443059, 4.5)]","('Fifth Avenue at South Aiken Avenue', 'B', 99.83873621859597)"
43,2020-02-07 21:36,(Regent Square - East End),40.439566;-79.887793,"Garden Style Apartment, Pet Friendly, Balcony, Courtyard, Mar 1st",2.0,1073.0,https://pittsburgh.craigslist.org/apa/d/pittsburgh-garden-style-apartment-pet/7067359391.html,1118,5500.0,1439.0,208.0,13147.0,2162.0,622.0,40.439566,-79.887793,POINT (191099804.3228208 -19792253.09098053),"[(""Nancy's Revival"", 6.352254527466302, 4.5), ('Soul Food Connection', 8.895350482019648, 4.5), (""Applebee's Grill + Bar"", 9.84814175122527, 3.0), ('GoodFellas Restaurant & Tavern', 11.589891319397433, 4.5), ('Triangle Bar & Grill', 14.766044608795253, 4.5)]","('Fifth Avenue at South Aiken Avenue', 'B', 99.9239057899169)"
44,2020-02-07 20:10,(West Mifflin),40.363400;-79.866400,Spacious Townhouse Available for Immediate Occupancy,2.0,,https://pittsburgh.craigslist.org/apa/d/duquesne-spacious-townhouse-available/7071155207.html,500,17500.0,3676.0,709.0,21537.0,4204.0,709.0,40.3634,-79.8664,POINT (190800728.3050415 -19893473.43665827),"[('Superior Motors', 32.25684999564141, 4.0), ('Steel Towne Inn', 34.51603664683904, 4.5), (""Dad's Pub & Grub"", 54.324718324939305, 4.5), (""Peppi's"", 57.404665891721336, 3.5), ('Royal Carribbean', 59.20593832378947, 3.5)]","('Fifth Avenue at South Aiken Avenue', 'B', 190.0912274706028)"
45,2020-02-07 20:08,(Clymer - Indiana County),40.669857;-79.009724,2 Bedroom on Franklin St.,2.0,,https://pittsburgh.craigslist.org/apa/d/2-bedroom-on-franklin-st/7071219763.html,425,,,,,,,40.669857,-79.009724,POINT (181210659.8982597 -16957711.32820215),"[('Cousins Maine Lobster - Pittsburgh', 2735.9319462855187, 4.0), (""hanadi's"", 2987.2906718227623, 5.0), ('Roman Bistro', 2993.4983528255375, 3.5), ('Starlite Lounge', 3029.292918923775, 3.5), ('Superior Motors', 3033.0013094706646, 4.0)]","('Fifth Avenue at South Aiken Avenue', 'B', 3234.9624541111316)"
46,2020-02-07 20:04,(Regent Square - Frick Park),40.442603;-79.892793,"Stylish Townhouse, Yard, Wood Floor, Pet Friendly, Aug 1",2.0,936.0,https://pittsburgh.craigslist.org/apa/d/pittsburgh-stylish-townhouse-yard-wood/7057433966.html,994,5171.0,1269.0,171.0,11030.0,2598.0,171.0,40.442603000000005,-79.89279300000001,POINT (191162345.5415688 -19800188.65124663),"[('Square Cafe', 7.27015507421026, 4.0), ('El Burro', 7.490175058006634, 3.5), ('Istanbul Grille', 7.566709031778445, 4.5), ('Thai Cottage', 7.621780570276901, 4.0), (""D's Six Pax & Dogz"", 7.765160556573045, 4.0)]","('Fifth Avenue at South Aiken Avenue', 'B', 80.73409097622223)"
47,2020-02-07 19:58,(Regent Square - Frick Park),40.442718;-79.888651,"Handsome One Bedroom, Wood Floors, Pet Friendly, Aug 1st.",1.0,750.0,https://pittsburgh.craigslist.org/apa/d/pittsburgh-handsome-one-bedroom-wood/7068195746.html,850,5575.0,1475.0,283.0,12552.0,1712.0,521.0,40.442718,-79.888651,POINT (191111866.6959332 -19787979.61940612),"[(""Nancy's Revival"", 9.400723054619233, 4.5), (""Applebee's Grill + Bar"", 11.04380868615348, 3.0), ('The Dream BBQ', 11.866247251417992, 4.5), ('Soul Food Connection', 11.935926655241571, 4.5), ('GoodFellas Restaurant & Tavern', 14.482316053966661, 4.5)]","('Fifth Avenue at South Aiken Avenue', 'B', 96.5446150919906)"
48,2020-02-07 19:50,(Regent Square - Frick Park),40.430028;-79.892621,"The Fortress of Comfort, Deluxe Apartment on the Edge of Park, Aug 1st",1.0,675.0,https://pittsburgh.craigslist.org/apa/d/pittsburgh-the-fortress-of-comfort/7068197576.html,904,5606.0,1275.0,68.0,11465.0,2604.0,68.0,40.430028,-79.89262099999999,POINT (191153867.3958255 -19826631.03980057),"[('Square Cafe', 2.8453929134730007, 4.0), (""D's Six Pax & Dogz"", 4.129073552211227, 4.0), ('El Burro', 4.2953138619877125, 3.5), ('The Map Room Grill & Bar', 4.450730392769214, 3.5), ('Thai Cottage', 4.563566487294068, 4.0)]","('Fifth Avenue at South Aiken Avenue', 'B', 82.23278242677476)"
49,2020-02-07 19:46,(Sheraden),40.456768;-80.061377,3BR HARDWOOD GARAGE QUIET AREA NEAR PARK,3.0,,https://pittsburgh.craigslist.org/apa/d/pittsburgh-3br-hardwood-garage-quiet/7069300927.html,1200,12957.0,2404.0,1003.0,6218.0,1448.0,1003.0,40.456768,-80.06137700000001,POINT (193255815.0517426 -20263336.9260068),"[('Pierogies Plus', 9.948845321624034, 4.5), ('Rocks Landing Bar & Grille', 11.22097136225889, 4.5), ('Pittsburgh Sandwich Society', 18.897883129712604, 4.5), (""Sarafino's Pasta and Pizza"", 21.81807478680007, 4.0), ('Brighton Hot Dog Shoppe', 26.16276233330415, 4.0)]","('Shady Avenue at Fifth Avenue', 'BS', 5.324303366309948)"
50,2020-02-07 19:39,(North Port),26.920000;-82.304800,Two Florida lots,,25678.0,https://pittsburgh.craigslist.org/reo/d/englewood-two-florida-lots/7063830072.html,21500,,,,,,,26.92,-82.3048,POINT (217124153.0645548 -62341319.27535577),"[('Wild Rosemary', 14612.499830146575, 4.0), (""Claudio's Pizzeria & Ristorante"", 14633.751348968372, 4.5), ('Primanti Bros', 14635.56116790675, 3.5), ('Leogreta', 14639.076002451677, 4.0), (""Brick N' Mortar Kitchen & Catering"", 14642.256460768484, 4.5)]","('Shady Avenue at Fifth Avenue', 'BS', 14739.946891308025)"
51,2020-02-07 19:38,(Dormont),40.400100;-80.046200,Newly updated 2 bedroom in Dormont,,,https://pittsburgh.craigslist.org/apa/d/pittsburgh-newly-updated-2-bedroom-in/7071189967.html,1100,12457.0,2678.0,183.0,6808.0,1034.0,183.0,40.4001,-80.0462,POINT (193036574.1691696 -20340962.33488162),"[(""Atria's Restaurant"", 4.826758063076631, 3.5), ('Zorros Restaurant', 4.87471249019817, 4.0), (""Aracri's Greentree Inn"", 11.866919326296893, 3.5), (""Coach's Bottleshop & Grille"", 12.542098711330038, 3.5), ('Olive Garden Italian Restaurant', 13.54636754467435, 3.0)]","('Fifth Avenue at Wilkins Avenue', 'A', 33.02881447513947)"
52,2020-02-07 19:35,(Regent Square - Frick Park),40.443028;-79.890497,"Duplex House Apartment, Yard, Porch, Dog Friendly",1.0,1654.0,https://pittsburgh.craigslist.org/apa/d/pittsburgh-duplex-house-apartment-yard/7054846107.html,1495,5417.0,1410.0,284.0,12611.0,1770.0,580.0,40.443028000000005,-79.890497,POINT (191134543.0010554 -19792646.09432341),"[('The Dream BBQ', 7.195768482603843, 4.5), (""Applebee's Grill + Bar"", 12.756024206821488, 3.0), ('Square Cafe', 12.880231234043672, 4.0), ('El Burro', 13.95261947245542, 3.5), (""D's Six Pax & Dogz"", 14.077797088240482, 4.0)]","('Fifth Avenue at South Aiken Avenue', 'B', 89.488466800711)"
53,2020-02-07 19:32,(Zeleinople Area),40.760900;-80.109400,One Bedroom,1.0,,https://pittsburgh.craigslist.org/apa/d/zelienople-one-bedroom/7071200684.html,650,43020.0,4295.0,603.0,38699.0,2996.0,603.0,40.7609,-80.1094,POINT (194015968.1767539 -19745319.97808718),"[(""Sunny Jim's Tavern"", 176.80135093191265, 3.5), (""Rupe's Roadhouse"", 181.68363848379536, 4.0), ('Primanti Bros', 218.5248084229214, 3.5), ('Tap Club', 229.37755552391292, 5.0), ('Sapporo Japanese Steakhouse', 230.18783273596236, 4.0)]","('Shady Avenue at Fifth Avenue', 'BS', 279.3595190753335)"
54,2020-02-07 19:31,(Squirrel Hill / Murray Ave @ Forward Ave),40.428247;-79.924518,★Heat Included!--AC--Hardwood Floors--Pet Friendly--Available NOW★,1.0,770.0,https://pittsburgh.craigslist.org/apa/d/pittsburgh-heat-included-ac-hardwood/7071141764.html,1075,3422.0,983.0,21.0,9281.0,2312.0,21.0,40.428247,-79.924518,POINT (191543260.1488846 -19922901.08568798),"[('New Dumpling And Sushi House', 5.297473012295011, 3.5), ('Tan Lac Vien', 5.901558162380733, 3.5), (""Mineo's Pizza House"", 5.938574703954864, 3.5), (""Aiello's Pizza"", 5.956052592116335, 4.0), ('Frankie Bunz', 6.12035598045245, 3.5)]","('Greenfield Rd @ Overlook Drive', 'PTC', 3.0281291558736605)"
55,2020-02-07 19:30,(South Oakland - 3201 Joe Hammer Sq),40.434769;-79.961674,Perfect Pitt Rental - Large Rooms - Shuttle Stops Few Steps Away,3.0,,https://pittsburgh.craigslist.org/apa/d/pittsburgh-perfect-pitt-rental-large/7064915967.html,1350,2402.0,675.0,333.0,4141.0,1294.0,445.0,40.434769,-79.961674,POINT (192003796.7422112 -20017172.656476),"[(""Sciulli's Pizza"", 2.9662646656441924, 4.5), ('Brick-Side Eatery', 4.084017364224734, 4.0), ('Garden View Cafe', 4.850223469752258, 4.5), ('UPMC Presbyterian Cafeteria', 7.333343158115556, 3.5), ('Eliza A Hot Metal Bistro', 7.959476725573424, 3.5)]","('Frew Street at Tech Street', 'PTC', 5.742804618075187)"
56,2020-02-07 19:29,(Pgh - Mt. Oliver),40.417515;-79.984202,Nice Large Apartment    Near the South side,1.0,650.0,https://pittsburgh.craigslist.org/apa/d/pittsburgh-nice-large-apartment-near/7071199518.html,750,7153.0,2028.0,320.0,5792.0,1607.0,320.0,40.417515,-79.984202,POINT (192273560.4402834 -20120322.16292775),"[(""Big Shot Bob's House of Wings - South Side"", 7.502226363131483, 4.0), (""Sal's New York Pizzeria"", 7.531560697306823, 3.5), ('The Vault Taproom', 7.727611503818958, 4.0), ('Carson City Saloon', 7.771964201898217, 3.0), (""O'Leary's"", 7.865845460123459, 4.0)]","('University Center Turn-around', 'BS', 18.347354584718016)"
57,2020-02-07 19:22,(Pgh - Mt. Oliver),40.417518;-79.984177,Large Safe and Secure Apt,1.0,600.0,https://pittsburgh.craigslist.org/apa/d/pittsburgh-large-safe-and-secure-apt/7054566079.html,750,7155.0,2030.0,322.0,5794.0,1609.0,322.0,40.417518,-79.984177,POINT (192273252.2764011 -20120242.29657046),"[(""Big Shot Bob's House of Wings - South Side"", 7.50473778296071, 4.0), (""Sal's New York Pizzeria"", 7.539556627330045, 3.5), ('The Vault Taproom', 7.73008772498994, 4.0), ('Carson City Saloon', 7.760466567125428, 3.0), (""O'Leary's"", 7.836114724546257, 4.0)]","('University Center Turn-around', 'BS', 18.36649788297569)"
58,2020-02-07 19:28,(Regent Square - Frick Park),40.438521;-79.892943,"Full Two Story Carriage House, Private Balcony, Free Parking, Aug 1",1.0,975.0,https://pittsburgh.craigslist.org/apa/d/pittsburgh-full-two-story-carriage/7068083498.html,1090,5000.0,1257.0,384.0,10859.0,2586.0,384.0,40.438521,-79.892943,POINT (191162106.0686938 -19809367.13876373),"[('Square Cafe', 4.476535441989237, 4.0), ('El Burro', 4.825826025013199, 3.5), ('Istanbul Grille', 4.9759454977296, 4.5), ('Thai Cottage', 4.994580221052051, 4.0), (""D's Six Pax & Dogz"", 5.074002041039184, 4.0)]","('Fifth Avenue at South Aiken Avenue', 'B', 80.34255072116389)"
59,2020-02-07 19:27,(Ambridge),40.588505;-80.215351,Rent to Own in Ambridge,3.0,1025.0,https://pittsburgh.craigslist.org/apa/d/ambridge-rent-to-own-in-ambridge/7071191532.html,595,34424.0,7469.0,1359.0,28768.0,5750.0,1359.0,40.588505,-80.215351,POINT (195280704.1646824 -20437910.44419677),"[('Primanti Bros', 470.9076167665081, 3.5), (""Sunny Jim's Tavern"", 487.48613064686725, 3.5), (""Rupe's Roadhouse"", 502.24389650856637, 4.0), ('Sapporo Japanese Steakhouse', 506.81355243178456, 4.0), ('Leogreta', 511.1048715103972, 4.0)]","('Shady Avenue at Fifth Avenue', 'BS', 615.3606267620848)"
60,2020-02-07 19:25,(Wexford),40.612000;-80.064900,Modern Apartment In North Allegheny School District!,2.0,1069.0,https://pittsburgh.craigslist.org/apa/d/wexford-modern-apartment-in-north/7071194284.html,1510,,,,,,,40.612,-80.0649,POINT (193379290.9668318 -19937407.56114758),"[('The Original BSB‚Äôs - Avalon', 74.45378623772869, 4.5), ('Rochester Inn & Hardwood Grille', 75.2358659949925, 3.0), ('Mia Madre Trattoria', 75.74048848121815, 4.0), (""Good L'oven"", 77.27831148724225, 5.0), ('Grille 565', 83.2277186317504, 4.0)]","('Shady Avenue at Fifth Avenue', 'BS', 108.45870947383008)"
61,2020-02-07 19:22,(McDonald/ The Preserves),40.369700;-80.256200,**JUST REDUCED****,,,https://pittsburgh.craigslist.org/reb/d/mc-donald-just-reduced/7071195575.html,0,,,,,,,40.3697,-80.2562,POINT (195695125.8127792 -21042069.92933237),"[('Primanti Bros', 627.8633040410061, 3.5), ('Wild Rosemary', 652.7026528208391, 4.0), (""Sunny Jim's Tavern"", 658.1075141374156, 3.5), ('Leogreta', 661.0905485874547, 4.0), ('Sapporo Japanese Steakhouse', 663.5910542953337, 4.0)]","('Shady Avenue at Fifth Avenue', 'BS', 775.707021712694)"
62,2020-02-07 19:21," (636 Griffin St Pittsburgh, PA)",40.429500;-80.014400,House with Office Room and Loft Bedroom in Mount Washington!,3.0,1500.0,https://pittsburgh.craigslist.org/apa/d/pittsburgh-house-with-office-room-and/7071157173.html,795,12018.0,3146.0,279.0,6669.0,1765.0,279.0,40.4295,-80.0144,POINT (192654709.4830931 -20183327.45206997),"[('Bigham Tavern', 3.24907790043859, 4.0), (""Jerome Bettis' Grille 36"", 14.059944552686044, 3.5), ('Le Mont', 14.471395494545128, 3.0), ('The Foundry Table & Tap', 15.08464112701424, 3.5), ('Allegheny Sandwich Shoppe', 15.639217699914628, 4.0)]","('Fifth Avenue at South Negley Avenue', 'AB', 18.887071246588118)"
68,2020-02-07 19:19,(Regent Square - Frick Park),40.443338;-79.890175,"Great Townhouse, Parking, Basement, Dog Friendly, Aug 1st",2.0,1207.0,https://pittsburgh.craigslist.org/apa/d/pittsburgh-great-townhouse-parking/7069482402.html,937,5434.0,1422.0,301.0,12628.0,1782.0,597.0,40.443338,-79.890175,POINT (191130771.6499149 -19791052.16878539),"[('The Dream BBQ', 7.543198727447593, 4.5), (""Applebee's Grill + Bar"", 12.407811612960991, 3.0), ('Square Cafe', 14.02067390212932, 4.0), ('Rudy Martino Original House of Submarines', 14.807981290112371, 4.5), ('El Burro', 15.127153567599748, 3.5)]","('Fifth Avenue at South Aiken Avenue', 'B', 90.70982349047976)"
69,2020-02-07 19:18,(North Oakland),40.451911;-79.959526,APR 1 - Room in beautiful house with grad students,,150.0,https://pittsburgh.craigslist.org/roo/d/pittsburgh-apr-1-room-in-beautiful/7071193723.html,600,4758.0,1536.0,117.0,5041.0,1602.0,885.0,40.451910999999996,-79.959526,POINT (191986019.3790062 -19974012.27287395),"[('UPMC Presbyterian Cafeteria', 6.911687419175578, 3.5), ('Prince of India', 7.808491580976277, 3.5), ('Thirsty Scholar Bar & Grille', 7.858825583192468, 4.0), ('Love Ramen', 8.00841305359177, 4.0), ('Malaxiangguo', 8.00841305359177, 3.5)]","('Fifth Avenue at South Aiken Avenue', 'B', 3.4238410941688)"
71,2020-02-07 19:17,(Brookline),40.400100;-80.016100,Very Clean 3 Bedroom Ranch for Rent,3.0,,https://pittsburgh.craigslist.org/apa/d/pittsburgh-very-clean-3-bedroom-ranch/7056092163.html,1100,11602.0,3062.0,282.0,6253.0,1801.0,282.0,40.4001,-80.0161,POINT (192660828.0941615 -20251827.89953876),"[(""Jolina's Mediterranean Cuisine"", 6.956782332402013, 4.5), ('Boulevard Lounge', 9.811801516766485, 4.0), (""Hank's Hotdogs Too"", 9.906247996790482, 4.0), (""Fiori's Pizzaria"", 10.128836718930438, 4.5), (""Amel's Restaurant"", 11.694381335764389, 4.0)]","('North Dithridge Street at Bayard Street', 'A', 34.03787600671368)"
72,2020-02-07 19:13,(Pittsburgh),40.426800;-80.004200,Fixer Upper 10 Min from Downtown,3.0,2369.0,https://pittsburgh.craigslist.org/reo/d/pittsburgh-fixer-upper-10-min-from/7071177124.html,39740,8493.0,2929.0,1508.0,3144.0,1668.0,1508.0,40.4268,-80.0042,POINT (192526447.3089743 -20159099.1929246),"[('Buca di Beppo Italian Restaurant', 4.588027054515423, 2.5), ('Gandy Dancer Saloon', 4.735251390295115, 3.5), (""Joe's Crab Shack"", 4.769430183410301, 3.0), ('Grand Concourse', 4.800786109338732, 3.5), ('Terrene', 4.929145995389274, 3.5)]","('Greenfield Avenue @ Yoder Street', 'PTC', 5.2952578095178024)"
73,2020-02-07 19:06,(Regent Square - East End),40.439517;-79.887836,"Modern One Bedroom, Full Kitchen W/ Dishwasher, Pet Friendly, Mar 1st",1.0,863.0,https://pittsburgh.craigslist.org/apa/d/pittsburgh-modern-one-bedroom-full/7068090276.html,930,5500.0,1439.0,208.0,13147.0,2162.0,622.0,40.439516999999995,-79.887836,POINT (191100303.875616 -19792482.18171787),"[(""Nancy's Revival"", 6.519285169838873, 4.5), ('Soul Food Connection', 9.06276680438938, 4.5), (""Applebee's Grill + Bar"", 9.748623981087118, 3.0), ('GoodFellas Restaurant & Tavern', 11.58408610954404, 4.5), ('Triangle Bar & Grill', 14.727873044602699, 4.5)]","('Fifth Avenue at South Aiken Avenue', 'B', 99.76192127596853)"
74,2020-02-07 22:02,(Regent Square - East End),40.439255;-79.887686,"Modern One Bedroom, Full Kitchen W/ Dishwasher, Pet Friendly, Mar 1st",1.0,863.0,https://pittsburgh.craigslist.org/apa/d/pittsburgh-modern-one-bedroom-full/7064705862.html,930,5630.0,1548.0,338.0,12928.0,2009.0,403.0,40.439254999999996,-79.887686,POINT (191098341.7567973 -19792610.20950471),"[(""Nancy's Revival"", 6.023374673092094, 4.5), ('Soul Food Connection', 8.550549287556612, 4.5), (""Applebee's Grill + Bar"", 9.846691046111133, 3.0), ('GoodFellas Restaurant & Tavern', 11.326532328294942, 4.5), ('Triangle Bar & Grill', 14.57900984597629, 4.5)]","('Fifth Avenue at South Aiken Avenue', 'B', 100.34454629823874)"
75,2020-02-07 19:01,(Regent Square - Frick Park),40.443273;-79.891355,"Apartment in Classic Neighborhood House, Yard, Dog Friendly, Aug 1st",1.0,,https://pittsburgh.craigslist.org/apa/d/pittsburgh-apartment-in-classic/7067699779.html,865,5397.0,1392.0,264.0,12637.0,1786.0,606.0,40.443273,-79.891355,POINT (191145136.1726642 -19794599.3326607),"[('The Dream BBQ', 6.588617583804716, 4.5), ('Square Cafe', 10.469097614054077, 4.0), ('El Burro', 11.34339279608147, 3.5), (""D's Six Pax & Dogz"", 11.515872211558518, 4.0), ('Thai Cottage', 11.569602417888149, 4.0)]","('Fifth Avenue at South Aiken Avenue', 'B', 86.20538610546363)"
76,2020-02-07 18:57,(South Hills),40.347200;-80.115300,3 Bedroom House in Nice Area,3.0,,https://pittsburgh.craigslist.org/reo/d/bridgeville-3-bedroom-house-in-nice-area/7064818681.html,99500,25331.0,5679.0,1349.0,19570.0,4112.0,1349.0,40.3472,-80.1153,POINT (193878959.9248257 -20662236.95741022),"[('Wild Rosemary', 87.91809179953354, 4.0), ('Primanti Bros', 89.59025408767124, 3.5), ('Leogreta', 102.93607731837297, 4.0), (""Brick N' Mortar Kitchen & Catering"", 113.48523387596967, 4.5), ('Insurrection AleWorks', 114.5803575928124, 4.5)]","('Shady Avenue at Fifth Avenue', 'BS', 220.3029090418208)"
77,2020-02-07 18:51,(Regent Square),40.443812;-79.892471,"House Apartment w/Porch & Yard, Pet Friendly, Charming Style, Aug 1",1.0,600.0,https://pittsburgh.craigslist.org/apa/d/pittsburgh-house-apartment-porch-yard/7069526704.html,955,5301.0,1365.0,301.0,12753.0,1863.0,722.0,40.443812,-79.892471,POINT (191159028.6300657 -19796668.32484003),"[('The Dream BBQ', 7.933245082768709, 4.5), ('Square Cafe', 8.421903314192662, 4.0), ('El Burro', 8.791097801372693, 3.5), ('Istanbul Grille', 8.905444778378936, 4.5), ('Thai Cottage', 8.943552691545113, 4.0)]","('Fifth Avenue at South Aiken Avenue', 'B', 81.92864538560809)"
78,2020-02-07 21:30,(Regent Square - East End),40.443844;-79.892535,"First Floor of Stately Remodeled House, Yard & Porch, Aug 1st",1.0,706.0,https://pittsburgh.craigslist.org/apa/d/pittsburgh-first-floor-of-stately/7058140642.html,1021,5303.0,1366.0,303.0,12751.0,1861.0,720.0,40.443844,-79.892535,POINT (191159825.9584908 -19796784.65506302),"[('The Dream BBQ', 8.072095447027095, 4.5), ('Square Cafe', 8.356636074932878, 4.0), ('El Burro', 8.686689984067534, 3.5), ('Istanbul Grille', 8.789362251130012, 4.5), ('Thai Cottage', 8.832899574931263, 4.0)]","('Fifth Avenue at South Aiken Avenue', 'B', 81.68334697604496)"
79,2020-02-07 18:51,(North Braddock),40.411069;-79.864871,Investment Opportunity,2.0,1024.0,https://pittsburgh.craigslist.org/reb/d/braddock-investment-opportunity/7071178777.html,27499,11263.0,2333.0,280.0,17122.0,3662.0,280.0,40.411069,-79.864871,POINT (190806346.8028089 -19787133.68446188),"[('Steel Towne Inn', 4.102625743075964, 4.5), ('Superior Motors', 19.000070761746304, 4.0), ('Royal Carribbean', 35.728371431542605, 3.5), (""Peppi's"", 37.43628319719904, 3.5), (""Dad's Pub & Grub"", 39.64898573824895, 4.5)]","('Fifth Avenue at South Aiken Avenue', 'B', 188.8155080758574)"
80,2020-02-07 18:47,(Downtown Pgh),40.438981;-80.005215,"Hardwood Floors, Heart of Downtown, Quartz Countertops, Rooftop Pool!",2.0,975.0,https://pittsburgh.craigslist.org/apa/d/pittsburgh-hardwood-floors-heart-of/7069795055.html,1670,6098.0,1591.0,600.0,449.0,347.0,449.0,40.438981,-80.005215,POINT (192545289.0239542 -20135801.72143824),"[('Buon Giorno Cafe', 0.4288515203391222, 4.0), ('Bluebird Kitchen', 1.4368410612041287, 4.0), (""Eddie Merlot's - Pittsburgh"", 2.3751688478201025, 4.0), ('The Melting Pot', 3.0404170783829363, 4.0), ('Gateway Center Cafeteria', 3.277938468207584, 3.5)]","('Beacon Street at Murray Avenue', 'BS', 5.855732102264133)"
81,2020-02-07 18:47,(New Kensington/Arnold),40.578700;-79.768500,House for sale,3.0,2160.0,https://pittsburgh.craigslist.org/reo/d/new-kensington-house-for-sale/7071175949.html,28000,41700.0,8027.0,2768.0,35639.0,6448.0,2768.0,40.5787,-79.7685,POINT (189728716.986718 -19155371.79393727),"[('Cousins Maine Lobster - Pittsburgh', 59.51585181879657, 4.0), (""hanadi's"", 320.5352347681207, 5.0), ('Roman Bistro', 326.1790435998022, 3.5), ('Starlite Lounge', 351.0413554032112, 3.5), ('Maenam Thai Restaurant', 355.1429671044338, 5.0)]","('Fifth Avenue at South Aiken Avenue', 'B', 557.9016230798707)"
82,2020-02-07 18:41,(@theInlet OCEAN CITY MD WORCESTER STREET),38.328920;-75.090351,"WHEN YOU WALK IN THE FRONT DOOR, YOU WILL SAY ""WOW! WHAT A VIEW""!!!",2.0,1000.0,https://pittsburgh.craigslist.org/vac/d/ocean-city-when-you-walk-in-the-front/7064248278.html,0,842688.0,64786.0,317.0,837825.0,63233.0,317.0,38.328920000000004,-75.090351,POINT (147831432.6299172 -13251746.14360734),"[('Cousins Maine Lobster - Pittsburgh', 12947.956851003959, 4.0), (""hanadi's"", 13188.1532675914, 5.0), ('Roman Bistro', 13194.458845881953, 3.5), ('Superior Motors', 13231.90137115439, 4.0), ('Starlite Lounge', 13236.581931673329, 3.5)]","('Fifth Avenue at South Aiken Avenue', 'B', 13437.920935325534)"
83,2020-02-07 18:40,(Kennerdell),41.299914;-79.800353,:      Mountain Cabin / House for Rent,2.0,,https://pittsburgh.craigslist.org/apa/d/kennerdell-mountain-cabin-house-for-rent/7071172007.html,675,,,,,,,41.299914,-79.800353,POINT (190465812.924753 -17707248.51152711),"[('Cousins Maine Lobster - Pittsburgh', 510.15721462403184, 4.0), ('Starlite Lounge', 584.4444168552986, 3.5), ('Maenam Thai Restaurant', 586.3380356340494, 5.0), (""Nox's Tavern and Grille"", 588.8817570100387, 4.5), (""Bob's Garage"", 606.6195779966616, 3.5)]","('Fifth Avenue at South Aiken Avenue', 'B', 714.8818944642267)"
84,2020-02-07 18:37,(Regent Square - Frick Park),40.442587;-79.892771,"Elegant Townhouse, Large Yard, Dog Friendly, Aug 1st",2.0,936.0,https://pittsburgh.craigslist.org/apa/d/pittsburgh-elegant-townhouse-large-yard/7069530763.html,1228,5169.0,1268.0,169.0,11028.0,2597.0,169.0,40.442586999999996,-79.892771,POINT (191162068.9126145 -19800159.36819619),"[('Square Cafe', 7.281293680176357, 4.0), ('El Burro', 7.517826769531393, 3.5), ('Istanbul Grille', 7.599336619619503, 4.5), ('Thai Cottage', 7.652151481778271, 4.0), (""D's Six Pax & Dogz"", 7.7908479508865005, 4.0)]","('Fifth Avenue at South Aiken Avenue', 'B', 80.81861991421688)"
86,2020-02-07 18:31,(Regent Square - East Busway - Frick Park),40.442750;-79.888608,"Classic Railroad Style Apartment, Beautiful Details, Dogs Ok, Aug 1st",1.0,750.0,https://pittsburgh.craigslist.org/apa/d/pittsburgh-classic-railroad-style/7068131462.html,885,5573.0,1474.0,281.0,12550.0,1711.0,519.0,40.44275,-79.88860799999999,POINT (191111358.4480959 -19787786.93498436),"[(""Nancy's Revival"", 9.237533389969249, 4.5), (""Applebee's Grill + Bar"", 11.08073733372982, 3.0), ('Soul Food Connection', 11.771806571505545, 4.5), ('The Dream BBQ', 11.987665257018122, 4.5), ('GoodFellas Restaurant & Tavern', 14.445762730213701, 4.5)]","('Fifth Avenue at South Aiken Avenue', 'B', 96.70790565192573)"
88,2020-02-07 18:27,(Shadyside / Shady Ave @ Ellsworth Ave),40.458826;-79.922415,★Heat Included!--Shopping Nearby--AC--Hdwd Floors--Available June 1★,1.0,485.0,https://pittsburgh.craigslist.org/apa/d/pittsburgh-heat-included-shopping/7071098125.html,860,4814.0,1204.0,158.0,8240.0,1222.0,158.0,40.458826,-79.922415,POINT (191533001.2821064 -19851154.05711737),"[('Choolaah', 4.133468649952092, 4.0), ('Two Sisters', 6.540121507745125, 4.5), ('Mola', 7.081935541250612, 4.0), ('Paris 66', 7.167321250337017, 3.5), (""Kelly's Bar & Lounge"", 7.999312687063431, 3.5)]","('Fifth Avenu at Maryland Avenue', 'BS', 5.968641101485157)"
89,2020-02-07 18:25,(Squirrel Hill / Hobart St @ Wightman St),40.432094;-79.928144,★Heat Included!--Hdwd Floors--Schenley Park--AC--Available June 1★,1.0,874.0,https://pittsburgh.craigslist.org/apa/d/pittsburgh-heat-included-hdwd-floors/7071142743.html,1200,2599.0,1019.0,717.0,8459.0,2348.0,717.0,40.432094,-79.92814399999999,POINT (191589713.3952973 -19925181.41733239),"[('Pigeon Bagels', 4.4358506837964295, 4.0), ('Hamsah', 8.13227426675035, 5.0), ('Babylon Cuisine', 8.13227426675035, 4.5), ('Con Alma', 17.23459043665417, 4.5), ('Senyai Thai Kitchen', 17.372177409595874, 4.5)]","('Alger Street @ Winterburn Avenue', 'PTC', 6.5574525536418395)"
90,2020-02-07 18:24,(Shadyside / S. Aiken Ave @ Claybourne St),40.455160;-79.937993,★ALL Utilities Included!--Available August 1--Pet Friendly--AC★,1.0,605.0,https://pittsburgh.craigslist.org/apa/d/pittsburgh-all-utilities-included/7071077995.html,965,2487.0,1096.0,299.0,7219.0,1618.0,233.0,40.45516,-79.937993,POINT (191722441.1417232 -19904277.75399737),"[('Selamis Turkish Kebab House', 6.126432105056415, 4.0), ('Nak Won Garden', 6.526606847597521, 3.5), ('BFG Caf√©', 6.658924383192038, 4.0), ('Spork Pit', 8.617923267251983, 3.5), ('Friendship Perk and Brew', 11.340555062621965, 4.5)]","('Ellsworth Avenue and South Negley Avenue', 'AB', 10.993717723711635)"
91,2020-02-07 18:23,(Regent Square - East Busway - Frick Park),40.438815;-79.886978,"All Utilities Included, Studio, Close to Bus, Shops & Park, Aug 1",,466.0,https://pittsburgh.craigslist.org/apa/d/pittsburgh-all-utilities-included/7068143579.html,777,5754.0,1561.0,306.0,12840.0,1932.0,315.0,40.438815000000005,-79.886978,POINT (191089485.0904922 -19791508.46778614),"[(""Nancy's Revival"", 3.736074616229871, 4.5), ('Soul Food Connection', 6.101070188554105, 4.5), ('GoodFellas Restaurant & Tavern', 11.0249711928099, 4.5), (""Applebee's Grill + Bar"", 11.153340426507954, 3.0), ('Thai Terrace', 12.335639244889808, 4.5)]","('Fifth Avenue at South Aiken Avenue', 'B', 103.06193930949235)"
92,2020-02-07 18:22,(Squirrel Hill / Murray Ave @ Forward Ave),40.428754;-79.924078,★Available June 1--Shopping Nearby--AC--Heat Included!--Hdwd Floors★,1.0,770.0,https://pittsburgh.craigslist.org/apa/d/pittsburgh-available-june-1-shopping/7071133887.html,1050,3316.0,950.0,106.0,9175.0,2279.0,106.0,40.428754,-79.92407800000001,POINT (191538120.2480483 -19920534.13145412),"[('New Dumpling And Sushi House', 3.7578939061632672, 3.5), (""Mineo's Pizza House"", 4.359125771935009, 3.5), ('Tan Lac Vien', 4.3654740364269236, 3.5), (""Aiello's Pizza"", 4.421098329125863, 4.0), ('Frankie Bunz', 4.580798730783973, 3.5)]","('Greefield Avenue @ Yoder Street', 'PTC', 3.355928672526842)"
93,2020-02-07 15:36,(Squirrel Hill / Murray Ave @ Forward Ave),40.428035;-79.924722,★Shopping Nearby--AC--Heat Included!--Pet Friendly--Available NOW★,1.0,660.0,https://pittsburgh.craigslist.org/apa/d/pittsburgh-shopping-nearby-ac-heat/7057927694.html,1010,3517.0,986.0,116.0,9376.0,2315.0,116.0,40.428034999999994,-79.924722,POINT (191545655.0463935 -19923949.03287034),"[('New Dumpling And Sushi House', 6.037426543563356, 3.5), ('Tan Lac Vien', 6.637144016827412, 3.5), (""Mineo's Pizza House"", 6.687746011339022, 3.5), (""Aiello's Pizza"", 6.691008571625869, 4.0), ('Frankie Bunz', 6.8560057814662265, 3.5)]","('Greenfield Rd @ Overlook Drive', 'PTC', 2.9852375989319664)"
94,2020-02-07 18:16,(Oakland),40.444000;-79.955200,Studio Apt - SkyVue - Unfurnished,,461.0,https://pittsburgh.craigslist.org/sub/d/pittsburgh-studio-apt-skyvue-unfurnished/7062644256.html,1476,1284.0,398.0,234.0,4856.0,1224.0,74.0,40.444,-79.9552,POINT (191928632.4943622 -19978404.2797652),"[('Bridges Restaurant', 2.6198702729160006, 2.5), ('Sichuan Gourmet', 3.4044944565623365, 4.0), ('Las Palmas', 3.4481146996849263, 4.5), ('Bangal Kabab House and Restaurant', 3.495085770943084, 4.0), ('Spirits & Tales', 3.5277413954983143, 3.5)]","('Fifth Avenue at Emerson Street', 'BS', 5.838152495113756)"
95,2020-02-07 18:12,(South Hills/Baldwin Twp),40.380094;-80.008364,"2 large rooms, private bath with house share in  large beautiful home",,2800.0,https://pittsburgh.craigslist.org/roo/d/2-large-rooms-private-bath-with-house/7065479048.html,650,14860.0,4045.0,1610.0,9511.0,2664.0,1610.0,40.380094,-80.008364,POINT (192554310.5033892 -20272167.08160286),"[('The Coal Mine', 5.975246901257149, 3.5), (""Calabria's"", 9.345574960656517, 3.5), ('Boulevard Lounge', 23.45538883036825, 4.0), (""Bob's Diner"", 23.766867497875, 3.5), (""Armstrong's"", 26.901116926435183, 3.5)]","('Greenfield Ave @ Lydia St', 'PTC', 30.8871540482593)"
96,2020-02-07 18:12,(Regent Square - East Busway - Frick Park),40.438485;-79.890722,"Famous Schiebler Townhouse, Craftsman Details, Dog Friendly, Aug 1",2.0,1108.0,https://pittsburgh.craigslist.org/apa/d/pittsburgh-famous-schiebler-townhouse/7068136877.html,1094,5451.0,1442.0,318.0,13152.0,2181.0,627.0,40.438485,-79.890722,POINT (191134984.4734178 -19803027.25588507),"[('The Dream BBQ', 9.915154087911656, 4.5), ('Square Cafe', 10.633090057141839, 4.0), (""Applebee's Grill + Bar"", 10.718197401676798, 3.0), ('Rudy Martino Original House of Submarines', 11.696073353201243, 4.5), ('El Burro', 11.88234982179042, 3.5)]","('Fifth Avenue at South Aiken Avenue', 'B', 88.80725504419419)"
97,2020-02-07 18:08,(Squirrel Hill / Murray Ave @ Forward Ave),40.428705;-79.924132,★Hardwood Floors--AC--Heat Included!--Pet Friendly--Available June 1★,1.0,770.0,https://pittsburgh.craigslist.org/apa/d/pittsburgh-hardwood-floors-ac-heat/7071119754.html,1030,3323.0,955.0,113.0,9182.0,2284.0,113.0,40.428705,-79.924132,POINT (191538757.7579104 -19920796.22901721),"[('New Dumpling And Sushi House', 3.9326411759207134, 3.5), ('Tan Lac Vien', 4.540786327126187, 3.5), (""Mineo's Pizza House"", 4.541806235532288, 3.5), (""Aiello's Pizza"", 4.596312655750524, 4.0), ('Frankie Bunz', 4.757036505209617, 3.5)]","('Greefield Avenue @ Yoder Street', 'PTC', 3.4833474817538987)"
98,2020-02-07 18:04,(Regent Square - East Busway - Frick Park),40.439092;-79.891548,"Second Floor of House, Back Yard, Dog Friendly, Aug 1",1.0,787.0,https://pittsburgh.craigslist.org/apa/d/pittsburgh-second-floor-of-house-back/7068108812.html,915,5307.0,1381.0,307.0,11166.0,2710.0,307.0,40.439091999999995,-79.891548,POINT (191145371.0377753 -19804113.21038616),"[('Square Cafe', 8.07513406614404, 4.0), ('El Burro', 9.156396603060749, 3.5), (""D's Six Pax & Dogz"", 9.274547249853574, 4.0), ('Thai Cottage', 9.412531319274349, 4.0), ('The Dream BBQ', 9.466301572119587, 4.5)]","('Fifth Avenue at South Aiken Avenue', 'B', 85.62876239957164)"
99,2020-02-07 18:03,(Highland Park),40.473542;-79.928756,"Can't do better than this ~INC UTS, WiFi,Cable, housekeeping",,2000.0,https://pittsburgh.craigslist.org/roo/d/pittsburgh-cant-do-better-than-this-inc/7071148807.html,600,5097.0,1991.0,791.0,8866.0,1961.0,169.0,40.473542,-79.928756,POINT (191618283.9632362 -19837955.53141476),"[('MR Bulgogi', 8.083904365939018, 4.5), ('Senyai Thai Kitchen', 10.709095756665914, 4.5), ('The Twisted Frenchman', 10.912221303359246, 4.5), ('Garbarinos', 10.932933609930918, 4.0), ('Con Alma', 11.124710263755537, 4.5)]","('Centre Avenue at Trade Street', 'AB', 9.933228037846371)"
100,2020-02-07 17:59,(Downtown),40.447700;-79.993300,Downtown Pittsburgh Apartment,1.0,800.0,https://pittsburgh.craigslist.org/sub/d/pittsburgh-downtown-pittsburgh-apartment/7056492708.html,2200,7078.0,1890.0,271.0,1542.0,832.0,570.0,40.4477,-79.9933,POINT (192401764.2392487 -20081966.58734696),"[('Eleven', 1.151221117515701, 4.0), ('Supper on Penn', 4.38391246459485, 4.5), ('CobblerWorld', 4.883850143204151, 5.0), (""Bill's Bar & Burger"", 5.46547053421278, 3.0), ('Steelhead Brasserie and Wine Bar', 5.494670621472333, 2.5)]","('South Negley Avenue at Howe Street', 'A', 2.454192277841907)"
101,2020-02-07 17:59,(Versailles Borough),40.315776;-79.831445,Beautifully remodeled 2 bedroom apt.,2.0,,https://pittsburgh.craigslist.org/apa/d/mc-keesport-beautifully-remodeled-2/7063014706.html,650,24722.0,4764.0,27.0,26764.0,5892.0,27.0,40.315776,-79.831445,POINT (190353031.8358846 -19894417.07795698),"[(""hanadi's"", 94.49147761363466, 5.0), ('Roman Bistro', 99.47276737874145, 3.5), ('Superior Motors', 122.99282139643277, 4.0), ('Steel Towne Inn', 146.020543133576, 4.5), ('Starlite Lounge', 161.80307153820866, 3.5)]","('Fifth Avenue at South Aiken Avenue', 'B', 326.3549519395757)"
103,2020-02-07 17:56,(Elrama   Fredericktown),40.559043;-80.050592,3 bedroom 1.5 bath Big yard Leckrone Latest paint Hibbs,3.0,1148.0,https://pittsburgh.craigslist.org/apa/d/pittsburgh-3-bedroom-15-bath-big-yard/7055638663.html,1190,,,,,,,40.559043,-80.05059200000001,POINT (193172846.8932726 -20009948.13368794),"[(""Good L'oven"", 14.324760439908106, 5.0), ('Rochester Inn & Hardwood Grille', 15.379043738769477, 3.0), ('Revival on Lincoln', 44.44254590520397, 4.0), ('202 Hometown Tacos', 44.89201819889088, 3.5), ('Thai Tamarind', 47.55645500249794, 4.0)]","('Fifth Avenue at Maryland Avenue', 'AB', 75.68251529050077)"
104,2020-02-07 17:56,(Sturgeon or Coulters),40.445484;-80.026217,4 bedroom 2 baths Nice area Webster  covered porch Ford City,4.0,1876.0,https://pittsburgh.craigslist.org/apa/d/pittsburgh-4-bedroom-2-baths-nice-area/7066993896.html,850,10466.0,2570.0,855.0,3961.0,1403.0,857.0,40.445484,-80.026217,POINT (192810150.8087038 -20183668.5358922),"[('Grand View Buffet', 15.15026786235649, 3.0), ('Ciao', 15.889150278974947, 5.0), ('Flipt', 15.889150278974947, 2.5), ('Wheelhouse', 15.893193025900164, 3.0), (""Andrew's Steak and Seafood"", 16.128448549389073, 3.5)]","('Forbes Avenue (CIC)', 'BS', 6.633353002392287)"
105,2020-02-07 17:51,(Mt. Lebanon),40.369600;-80.043900,Realtor tour 2/13 from 11-1pm - Lunch & Amazon Gift Card Raffle!,4.0,,https://pittsburgh.craigslist.org/reo/d/pittsburgh-realtor-tour-2-13-from-11/7071140680.html,379900,16739.0,4158.0,1657.0,11090.0,2514.0,1657.0,40.3696,-80.0439,POINT (192992133.9167901 -20400112.14802505),"[('Bistro 19', 7.41610571439175, 4.0), ('Il Pizzaiolo', 7.504715513880005, 3.5), ('Sesame Inn Chinese Restaurant', 7.791222036592632, 3.5), ('Thai Touch Kitchen', 7.900250633583862, 4.0), (""Aspendo's Turkish Kebab House"", 7.9575867960330235, 4.5)]","('Fifth Avenue at Wilkins Avenue', 'A', 53.073180060472204)"
106,2020-02-07 17:50,(Regent Square - Frick Park),40.438749;-79.889853,Deluxe Single Bedroom Conveniently Located with Free Parking - Laundry,1.0,620.0,https://pittsburgh.craigslist.org/apa/d/pittsburgh-deluxe-single-bedroom/7067684531.html,784,5493.0,1487.0,360.0,13117.0,2155.0,592.0,40.438749,-79.889853,POINT (191124516.4223715 -19799951.66688664),"[(""Applebee's Grill + Bar"", 9.093321503490486, 3.0), ('The Dream BBQ', 10.832954321403, 4.5), ('Rudy Martino Original House of Submarines', 11.819793204507402, 4.5), ('Square Cafe', 13.794810663272338, 4.0), (""Nancy's Revival"", 14.167863477777841, 4.5)]","('Fifth Avenue at South Aiken Avenue', 'B', 92.10619992033963)"
107,2020-02-07 17:43,(Regent Square - Frick Park),40.440987;-79.890304,"First Floor of House Opens to Back Yard, Pet Friendly, Porch, Aug 1st",1.0,,https://pittsburgh.craigslist.org/apa/d/pittsburgh-first-floor-of-house-opens/7057096245.html,949,5201.0,1268.0,68.0,11061.0,2597.0,68.0,40.440987,-79.890304,POINT (191131153.4064398 -19796460.55084994),"[('The Dream BBQ', 8.740839450890224, 4.5), (""Applebee's Grill + Bar"", 11.200675708929491, 3.0), ('Square Cafe', 12.801966566105582, 4.0), ('Rudy Martino Original House of Submarines', 13.230876865087213, 4.5), ('El Burro', 13.988068856749015, 3.5)]","('Fifth Avenue at South Aiken Avenue', 'B', 90.29121935925934)"
108,2020-02-07 17:40,(Shadyside / Howe St @ Maryland Ave),40.451927;-79.928488,★Available NOW--AC--Hdwd Floors--Den--Balcony--Heat Incld!★,1.0,775.0,https://pittsburgh.craigslist.org/apa/d/pittsburgh-available-now-ac-hdwd-floors/7071108679.html,1245,1938.0,953.0,194.0,7439.0,2048.0,194.0,40.451927000000005,-79.928488,POINT (191604017.4366469 -19883594.23442428),"[('Senyai Thai Kitchen', 4.04948648836022, 4.5), ('Con Alma', 4.430231681204064, 4.5), ('Cafe Zinho', 5.363698440211752, 4.0), ('Soba', 5.5555499508848705, 4.0), ('Umi', 5.5555499508848705, 4.0)]","('Fifth Avenue at South Aiken Avenue', 'AB', 4.856503863507459)"
109,2020-02-07 17:39," (Connellsville , Dawson , Scottdale Pa. area)",40.056500;-79.669676,"Mobile Home  2 bedroom , 2 Bath  16X80 ,  Country  , not in a park",2.0,,https://pittsburgh.craigslist.org/apa/d/dickerson-run-mobile-home-2-bedroom-2/7065122127.html,795,,,,,,,40.0565,-79.669676,POINT (188292744.5244435 -19982084.90640936),"[('Cousins Maine Lobster - Pittsburgh', 530.1427906527928, 4.0), (""hanadi's"", 711.4440701490939, 5.0), ('Roman Bistro', 717.6137365616856, 3.5), ('Superior Motors', 749.7541034162467, 4.0), ('Starlite Lounge', 770.9352986837374, 3.5)]","('Fifth Avenue at South Aiken Avenue', 'B', 954.8987658646192)"
110,2020-02-07 17:37,(Point Breeze / Osage Lane @ Card Lane),40.448629;-79.902985,★Available August 1--Frick Park--Heat Included!--AC--Pet Friendly★,,765.0,https://pittsburgh.craigslist.org/apa/d/pittsburgh-available-august-1-frick/7071053548.html,825,4307.0,1014.0,211.0,11037.0,1911.0,733.0,40.448629,-79.902985,POINT (191289902.0172233 -19816740.59798544),"[('Showcase BBQ', 13.116715293046234, 4.5), ('7 Senses', 18.251258452181325, 4.5), ('Everyday Cafe', 18.710095491242416, 4.5), ('Sahara Restaurant & Grill', 22.78494533319765, 4.5), ('Farmer Baker', 26.43953948505017, 4.0)]","('Fifth Avenue at South Aiken Avenue', 'B', 41.64232377359649)"
111,2020-02-07 17:32,(Regent Square - East End),40.438047;-79.890604,"Top Floor View of Tree Neighborhood, Near Shops & Cafes, Yard, Aug 1",1.0,708.0,https://pittsburgh.craigslist.org/apa/d/pittsburgh-top-floor-view-of-tree/7067680910.html,975,5481.0,1465.0,348.0,13158.0,2185.0,633.0,40.438047,-79.89060400000001,POINT (191133322.6349251 -19803624.59639275),"[(""Applebee's Grill + Bar"", 10.203263942373175, 3.0), ('The Dream BBQ', 10.290420384332014, 4.5), ('Square Cafe', 10.937100776451041, 4.0), ('Rudy Martino Original House of Submarines', 11.341831962628225, 4.5), ('El Burro', 12.216747675229094, 3.5)]","('Fifth Avenue at South Aiken Avenue', 'B', 89.27948577251925)"
112,2020-02-07 17:28,(Shadyside / Ellsworth Ave @ Bellefonte St),40.453683;-79.935204,★Available August 1--Heat Included!--Shopping Nearby--AC--Hdwd Floors★,1.0,605.0,https://pittsburgh.craigslist.org/apa/d/pittsburgh-available-august-1-heat/7071050376.html,1080,1856.0,1086.0,576.0,7744.0,1426.0,524.0,40.453683000000005,-79.935204,POINT (191687405.2366647 -19899340.22539948),"[('Frances', 1.7952897809395956, 5.0), ('Franks Bar and Grill', 1.7963830118015207, 4.5), ('Fujiya Ramen', 2.155882149104046, 4.0), ('Fig & Waffle Cafe Bistro', 2.5001560101305773, 4.0), ('Girasole Restaurant', 2.7968284553510174, 4.0)]","('Ellsworth Avenue and South Negley Avenue', 'AB', 0.6067192462888652)"
113,2020-02-07 16:45,(Shadyside / Ellsworth Ave @ Bellefonte St),40.453715;-79.935257,★Shopping Nearby--AC--Heat Incld!--Pet Friendly--Avail NOW★,1.0,700.0,https://pittsburgh.craigslist.org/apa/d/pittsburgh-shopping-nearby-ac-heat/7063510921.html,1185,1854.0,1085.0,574.0,7745.0,1428.0,525.0,40.453715,-79.935257,POINT (191688072.8829962 -19899425.58314543),"[('Frances', 1.8832555508765942, 5.0), ('Franks Bar and Grill', 1.8847144887832354, 4.5), ('Fujiya Ramen', 2.20968149406426, 4.0), ('Fig & Waffle Cafe Bistro', 2.6642855660042692, 4.0), ('Girasole Restaurant', 2.975445553113467, 4.0)]","('Ellsworth Avenue and South Negley Avenue', 'AB', 0.6977450997224199)"
114,2020-02-07 17:27,(Upper Hills),40.442300;-79.983000,Light Rehab Opportunity in Pittsburgh,3.0,2188.0,https://pittsburgh.craigslist.org/reo/d/pittsburgh-light-rehab-opportunity-in/7071087798.html,22000,4770.0,1271.0,702.0,2164.0,690.0,51.0,40.4423,-79.983,POINT (192271322.000522 -20063385.72146436),"[(""Sam's Market"", 4.377624577911216, 5.0), ('Uptown Kitchen', 4.447920517187378, 4.0), ('Merante Brothers Italian American Market', 5.625790784445336, 5.0), (""Napoli's Pizza & Restaurant"", 5.734710769891449, 4.0), ('The Enrico Biscotti', 6.146619422500611, 4.0)]","('Fifth Avenue at South Aiken Avenue', 'A', 6.346227392809924)"
115,2020-02-07 16:30,(Whitehall),40.335100;-79.983200,Light Rehab Opportunity in Pittsburgh,3.0,1553.0,https://pittsburgh.craigslist.org/reo/d/pittsburgh-light-rehab-opportunity-in/7071082309.html,105000,22358.0,5338.0,568.0,16344.0,3837.0,568.0,40.3351,-79.9832,POINT (192218975.7085287 -20294948.0957884),"[('Tavern 51', 16.92441829478487, 4.5), (""The Crack'd Egg"", 21.250132267602034, 4.0), ('Namaste Momo Corner', 22.175283215799162, 5.0), ('Everest Kitchen', 22.53613488562904, 4.5), ('Rowdy BBQ', 24.135905916116066, 4.0)]","('Panther Hollow Road', 'PTC', 67.56642219514022)"
117,2020-02-07 17:25,(Regent Square - Near Frick Park & Shops),40.438129;-79.890754,"Farm House Style Apartment, Huge Fenced Yard, Dog Friendly, Aug 1",1.0,700.0,https://pittsburgh.craigslist.org/apa/d/pittsburgh-farm-house-style-apartment/7067669128.html,1022,5469.0,1455.0,336.0,13167.0,2192.0,642.0,40.438128999999996,-79.890754,POINT (191135194.3589918 -19803882.26307861),"[('The Dream BBQ', 10.13042211747098, 4.5), ('Square Cafe', 10.42645517383457, 4.0), (""Applebee's Grill + Bar"", 10.618475570339486, 3.0), ('Rudy Martino Original House of Submarines', 11.480565437941758, 4.5), ('El Burro', 11.688757320061288, 3.5)]","('Fifth Avenue at South Aiken Avenue', 'B', 88.7036896148607)"
118,2020-02-07 17:25,(Regent Square - Frick Park),40.442995;-79.887772,"Huge Space, 3 Beds, 2 Baths, Pet Friendly, Utilities Included, Mar 1",3.0,2020.0,https://pittsburgh.craigslist.org/apa/d/pittsburgh-huge-space-3-beds-2-baths/7069431212.html,1950,5826.0,1519.0,176.0,12415.0,1607.0,384.0,40.442995,-79.887772,POINT (191101286.6819793 -19784848.74287318),"[(""Nancy's Revival"", 6.062352543550014, 4.5), ('Soul Food Connection', 8.581726227942756, 4.5), (""Applebee's Grill + Bar"", 11.993691195831985, 3.0), ('GoodFellas Restaurant & Tavern', 13.856737670425346, 4.5), ('The Dream BBQ', 14.637682768045762, 4.5)]","('Fifth Avenue at South Aiken Avenue', 'B', 99.89289764794526)"
119,2020-02-07 17:20,(Regent Square - Frick Park),40.438276;-79.891763,"Private Apartment With Balcony, All Utilities Included, Aug 1st",1.0,498.0,https://pittsburgh.craigslist.org/apa/d/pittsburgh-private-apartment-with/7067665349.html,920,5132.0,1360.0,443.0,10991.0,2689.0,443.0,40.438276,-79.891763,POINT (191147580.7979114 -19806482.38551935),"[('Square Cafe', 7.0881921293948364, 4.0), ('El Burro', 8.17334359846253, 3.5), (""D's Six Pax & Dogz"", 8.288792541579788, 4.0), ('Thai Cottage', 8.431040060286387, 4.0), ('Istanbul Grille', 8.510602744262782, 4.5)]","('Fifth Avenue at South Aiken Avenue', 'B', 84.85163762430476)"
120,2020-02-07 21:43,(Regent Square - Frick Park),40.438127;-79.891950,"House Apartment, All Utilities Included, Dog Friendly, Porch, Feb 1",1.0,820.0,https://pittsburgh.craigslist.org/apa/d/pittsburgh-house-apartment-all/7059573314.html,1066,5141.0,1372.0,452.0,13263.0,2253.0,738.0,40.438127,-79.89195,POINT (191149787.2337018 -19807341.87053046),"[('Square Cafe', 6.458057747474257, 4.0), ('El Burro', 7.499035195228353, 3.5), (""D's Six Pax & Dogz"", 7.625066037017316, 4.0), ('Thai Cottage', 7.75235882247268, 4.0), ('Istanbul Grille', 7.825763126028534, 4.5)]","('Fifth Avenue at South Aiken Avenue', 'B', 84.14739494621173)"
121,2020-02-07 17:20,(Regent Square - Frick Park),40.443191;-79.889832,"All Utilities Included, Pet Friendly, Classic One Bedroom, Aug 1",1.0,714.0,https://pittsburgh.craigslist.org/apa/d/pittsburgh-all-utilities-included-pet/7069429883.html,924,5467.0,1443.0,334.0,12661.0,1803.0,630.0,40.443191,-79.889832,POINT (191126512.6069969 -19790376.54898562),"[('The Dream BBQ', 8.361108681786524, 4.5), (""Applebee's Grill + Bar"", 11.861535097795356, 3.0), (""Nancy's Revival"", 13.922960573062708, 4.5), ('Rudy Martino Original House of Submarines', 14.7895159165668, 4.5), ('Square Cafe', 15.093733101483792, 4.0)]","('Fifth Avenue at South Aiken Avenue', 'B', 92.02331891887911)"
122,2020-02-07 17:17,(Charleroi),40.140400;-79.920000,Block garage,,,https://pittsburgh.craigslist.org/prk/d/charleroi-block-garage/7069414011.html,600,48662.0,8012.0,2731.0,43634.0,6935.0,2731.0,40.1404,-79.92,POINT (191340517.5269816 -20527267.00747259),"[('Porked', 156.84600545137837, 5.0), ('LongHorn Steakhouse', 177.34621361682326, 3.0), ('Watami Hibachi Steakhouse', 178.95667794834117, 4.0), ('BRAVO! Cucina Italiana', 179.44619053859864, 3.5), ('Bar Louie - The Waterfront', 179.48289507506703, 3.0)]","('Greenfield Ave @ Lydia Street', 'PTC', 191.720003324627)"
